Date,S&P500,MABMM301USM189S,Australia,Canada,Germany,Japan,UK,Unfilled Orders,CPIAUCNS
31/01/1959,55.450001,,0,0,0,0,0,44685,12.63738
28/02/1959,55.41,,0,0,0,0,0,45793,12.5938
31/03/1959,55.439999,,0,0,0,0,0,46951,12.5938
30/04/1959,57.59,,0,0,0,0,0,47728,12.63738
31/05/1959,58.68,,0,0,0,0,0,47583,12.63738
30/06/1959,58.470001,,0,0,0,0,0,47947,12.68095
31/07/1959,60.509998,,0,0,0,0,0,47565,12.72453
31/08/1959,59.599998,,0,0,0,0,0,47551,12.72453
30/09/1959,56.880001,,0,0,0,0,0,48270,12.76811
31/10/1959,57.52,,0,0,0,0,0,48899,12.81169
30/11/1959,58.279999,,0,0,0,0,0,48799,12.81169
31/12/1959,59.889999,,0,0,0,0,0,48369,12.81169
31/01/1960,55.610001,2.98E+11,0,0,0,0,0,47032,12.76811
29/02/1960,56.119999,2.99E+11,0,0,0,0,0,45952,12.81169
31/03/1960,55.34,2.99E+11,0,0,0,0,0,44924,12.81169
30/04/1960,54.369999,3.00E+11,0,0,0,0,0,44092,12.85526
31/05/1960,55.830002,3.01E+11,0,0,0,0,0,43606,12.85526
30/06/1960,56.919998,3.02E+11,0,0,0,0,0,43410,12.89884
31/07/1960,55.509998,3.04E+11,0,0,0,0,0,42774,12.89884
31/08/1960,56.959999,3.07E+11,0,0,0,0,0,43106,12.89884
30/09/1960,53.52,3.08E+11,0,0,0,0,0,43220,12.89884
31/10/1960,53.389999,3.10E+11,0,0,0,0,0,42434,12.98599
30/11/1960,55.540001,3.11E+11,0,0,0,0,0,41975,12.98599
31/12/1960,58.110001,3.12E+11,0,0,0,0,0,41650,12.98599
31/01/1961,61.779999,3.14E+11,1,0,0,0,0,41431,12.98599
28/02/1961,63.439999,3.17E+11,1,0,0,0,0,41532,12.98599
31/03/1961,65.059998,3.18E+11,1,0,0,0,0,41287,12.98599
30/04/1961,65.309998,3.20E+11,1,0,0,0,0,41653,12.98599
31/05/1961,66.559998,3.22E+11,1,0,0,0,0,41912,12.98599
30/06/1961,64.639999,3.24E+11,1,0,0,0,0,42022,12.98599
31/07/1961,66.760002,3.26E+11,1,0,0,0,0,42333,13.07315
31/08/1961,68.07,3.28E+11,1,0,0,0,0,42763,13.02957
30/09/1961,66.730003,3.30E+11,1,0,0,0,0,42716,13.07315
31/10/1961,68.620003,3.31E+11,0,0,0,0,0,42794,13.07315
30/11/1961,71.32,3.33E+11,0,0,0,0,0,43065,13.07315
31/12/1961,71.550003,3.36E+11,0,0,0,0,0,43582,13.07315
31/01/1962,68.839996,3.38E+11,0,0,0,0,0,44110,13.07315
28/02/1962,69.959999,3.40E+11,0,0,0,0,0,44675,13.11673
31/03/1962,69.550003,3.43E+11,0,0,0,0,0,44289,13.11673
30/04/1962,65.239998,3.46E+11,0,0,0,0,0,43770,13.1603
31/05/1962,59.630001,3.48E+11,0,0,0,0,0,43408,13.1603
30/06/1962,54.75,3.49E+11,0,0,0,0,0,43212,13.1603
31/07/1962,58.23,3.51E+11,0,0,0,0,0,43186,13.20388
31/08/1962,59.119999,3.53E+11,0,0,0,0,0,42736,13.20388
30/09/1962,56.27,3.55E+11,0,0,0,0,0,43112,13.24746
31/10/1962,56.52,3.57E+11,0,0,0,0,0,43747,13.24746
30/11/1962,62.259998,3.60E+11,0,0,0,0,0,43746,13.24746
31/12/1962,63.099998,3.63E+11,0,0,0,0,0,45170,13.24746
31/01/1963,66.199997,3.65E+11,0,0,0,0,0,46329,13.24746
28/02/1963,64.290001,3.68E+11,0,0,0,0,0,47251,13.24746
31/03/1963,66.57,3.71E+11,0,0,0,0,0,48578,13.29103
30/04/1963,69.800003,3.73E+11,0,0,0,0,0,49364,13.29103
31/05/1963,70.800003,3.76E+11,0,0,0,0,0,50207,13.29103
30/06/1963,69.370003,3.78E+11,0,0,0,0,0,49993,13.33461
31/07/1963,69.129997,3.81E+11,0,0,0,0,0,49929,13.37819
31/08/1963,72.5,3.84E+11,0,0,0,0,0,50011,13.37819
30/09/1963,71.699997,3.86E+11,0,0,0,0,0,50421,13.37819
31/10/1963,74.010002,3.88E+11,0,0,0,0,0,50591,13.42177
30/11/1963,73.230003,3.92E+11,0,0,0,0,0,50684,13.42177
31/12/1963,75.019997,3.93E+11,0,0,0,0,0,50346,13.46534
31/01/1964,77.040001,3.95E+11,0,0,0,0,0,51539,13.46534
29/02/1964,77.800003,3.98E+11,0,0,0,0,0,52061,13.46534
31/03/1964,78.980003,4.00E+11,0,0,0,0,0,52749,13.46534
30/04/1964,79.459999,4.02E+11,0,0,0,0,0,53616,13.46534
31/05/1964,80.370003,4.04E+11,0,0,0,0,0,54620,13.46534
30/06/1964,81.690002,4.07E+11,0,0,0,0,0,55672,13.50892
31/07/1964,83.18,4.10E+11,0,0,0,0,0,57190,13.5525
31/08/1964,81.830002,4.13E+11,0,0,0,0,0,57698,13.50892
30/09/1964,84.18,4.17E+11,0,0,0,0,0,58604,13.5525
31/10/1964,84.860001,4.19E+11,0,0,0,0,0,59988,13.5525
30/11/1964,84.419998,4.22E+11,0,0,0,0,0,60595,13.59607
31/12/1964,84.75,4.25E+11,0,0,0,0,0,61315,13.59607
31/01/1965,87.559998,4.28E+11,0,0,0,0,0,62652,13.59607
28/02/1965,87.43,4.30E+11,0,0,0,0,0,63656,13.59607
31/03/1965,86.160004,4.33E+11,0,0,0,0,0,64520,13.63965
30/04/1965,89.110001,4.35E+11,0,0,0,0,0,65571,13.68323
31/05/1965,88.419998,4.37E+11,0,0,0,0,0,66518,13.68323
30/06/1965,84.120003,4.40E+11,0,0,0,0,0,67379,13.77038
31/07/1965,85.25,4.43E+11,0,0,0,0,0,68239,13.77038
31/08/1965,87.169998,4.46E+11,0,0,0,0,0,69011,13.77038
30/09/1965,89.959999,4.50E+11,0,0,0,0,0,70254,13.77038
31/10/1965,92.419998,4.53E+11,0,0,0,0,0,71847,13.81396
30/11/1965,91.610001,4.56E+11,0,0,0,0,0,73054,13.81396
31/12/1965,92.43,4.59E+11,0,0,0,0,0,74459,13.85754
31/01/1966,92.879997,4.62E+11,0,0,0,0,0,76599,13.85754
28/02/1966,91.220001,4.65E+11,0,0,0,0,0,78326,13.94469
31/03/1966,89.230003,4.67E+11,0,0,0,0,0,80731,13.98827
30/04/1966,91.059998,4.69E+11,0,0,1,0,0,82532,14.07542
31/05/1966,86.129997,4.70E+11,0,0,1,0,0,84042,14.07542
30/06/1966,84.739998,4.71E+11,0,0,1,0,0,86082,14.119
31/07/1966,83.599998,4.71E+11,0,0,1,0,0,87956,14.16258
31/08/1966,77.099998,4.73E+11,0,0,1,0,0,89052,14.24973
30/09/1966,76.559998,4.75E+11,0,0,1,0,0,91216,14.24973
31/10/1966,80.199997,4.76E+11,0,0,1,0,0,92321,14.33689
30/11/1966,80.449997,4.77E+11,0,0,1,0,0,92654,14.33689
31/12/1966,80.330002,4.80E+11,0,0,1,0,0,93002,14.33689
31/01/1967,86.610001,4.82E+11,0,0,1,0,0,93241,14.33689
28/02/1967,86.779999,4.85E+11,0,0,1,0,0,93457,14.33689
31/03/1967,90.199997,4.90E+11,0,0,1,0,0,93082,14.38046
30/04/1967,94.010002,4.92E+11,0,0,1,0,0,93186,14.42404
31/05/1967,89.080002,4.97E+11,0,0,1,0,0,94270,14.46762
30/06/1967,90.639999,5.02E+11,0,0,0,0,0,95587,14.51119
31/07/1967,94.75,5.06E+11,0,0,0,0,0,96349,14.55477
31/08/1967,93.639999,5.11E+11,0,0,0,0,0,96654,14.59835
30/09/1967,96.709999,5.15E+11,0,0,0,0,0,96824,14.64193
31/10/1967,93.300003,5.18E+11,0,0,0,0,0,98008,14.6855
30/11/1967,94,5.21E+11,0,0,0,0,0,98369,14.72908
31/12/1967,96.470001,5.25E+11,0,0,0,0,0,99735,14.77266
31/01/1968,92.239998,5.27E+11,0,0,0,0,0,99570,14.85981
29/02/1968,89.360001,5.30E+11,0,0,0,0,0,99966,14.90339
31/03/1968,90.199997,5.33E+11,0,0,0,0,0,101343,14.94697
30/04/1968,97.459999,5.36E+11,0,0,0,0,0,101655,14.99054
31/05/1968,98.68,5.39E+11,0,0,0,0,0,101014,15.03412
30/06/1968,99.580002,5.43E+11,0,0,0,0,0,100917,15.12128
31/07/1968,97.739998,5.46E+11,0,0,0,0,0,99942,15.20843
31/08/1968,98.860001,5.49E+11,0,0,0,0,0,101047,15.25201
30/09/1968,102.669998,5.54E+11,0,0,0,0,0,102072,15.29558
31/10/1968,103.410004,5.58E+11,0,0,0,0,0,103471,15.38274
30/11/1968,108.370003,5.62E+11,0,0,0,0,0,103725,15.42632
31/12/1968,103.860001,5.67E+11,0,0,0,0,0,104393,15.46989
31/01/1969,103.010002,5.69E+11,0,0,0,0,0,104821,15.51347
28/02/1969,98.129997,5.72E+11,0,0,0,0,0,105846,15.60062
31/03/1969,101.510002,5.74E+11,0,0,0,0,0,106386,15.73136
30/04/1969,103.690002,5.76E+11,0,0,0,0,0,108686,15.81851
31/05/1969,103.459999,5.77E+11,0,0,0,0,0,109570,15.86209
30/06/1969,97.709999,5.79E+11,0,0,0,0,0,109639,15.94924
31/07/1969,91.830002,5.80E+11,0,0,0,0,0,109788,16.0364
31/08/1969,95.510002,5.80E+11,0,0,0,0,0,109946,16.12355
30/09/1969,93.120003,5.82E+11,0,0,0,0,0,110871,16.16713
31/10/1969,97.120003,5.83E+11,0,0,0,0,0,110748,16.25428
30/11/1969,93.809998,5.85E+11,0,0,0,0,0,110559,16.34144
31/12/1969,92.059998,5.88E+11,0,0,0,0,0,110161,16.42859
31/01/1970,85.019997,5.90E+11,0,0,0,0,0,109482,16.47217
28/02/1970,89.5,5.86E+11,0,0,0,0,0,108687,16.55932
31/03/1970,89.629997,5.87E+11,0,0,0,0,0,107615,16.64648
30/04/1970,81.519997,5.88E+11,0,0,0,0,0,106275,16.77721
31/05/1970,76.550003,5.92E+11,0,0,0,0,0,105167,16.82078
30/06/1970,72.720001,5.95E+11,0,0,0,0,0,104507,16.90794
31/07/1970,78.050003,5.99E+11,0,0,0,0,0,103604,16.99509
31/08/1970,81.519997,6.05E+11,0,0,0,0,0,102586,16.99509
30/09/1970,84.300003,6.11E+11,0,0,0,0,0,101856,17.08225
31/10/1970,83.25,6.16E+11,0,0,0,0,0,100451,17.1694
30/11/1970,87.199997,6.21E+11,0,0,0,0,0,99989,17.25656
31/12/1970,92.150002,6.27E+11,0,0,0,0,0,100412,17.34371
31/01/1971,95.879997,6.33E+11,0,0,0,0,0,101402,17.34371
28/02/1971,96.75,6.41E+11,0,0,0,0,0,102458,17.38729
31/03/1971,100.309998,6.50E+11,0,0,0,0,0,102303,17.43086
30/04/1971,103.949997,6.58E+11,0,0,0,0,0,101685,17.47444
31/05/1971,99.629997,6.67E+11,0,0,0,0,0,100285,17.5616
30/06/1971,98.699997,6.73E+11,0,0,0,0,0,99036,17.69233
31/07/1971,95.580002,6.80E+11,0,0,0,0,0,98247,17.7359
31/08/1971,99.029999,6.86E+11,0,0,0,0,0,98540,17.77948
30/09/1971,98.339996,6.93E+11,0,0,0,0,0,99345,17.77948
31/10/1971,94.230003,6.98E+11,0,0,0,0,0,99557,17.82306
30/11/1971,93.989998,7.05E+11,0,0,0,0,0,99937,17.82306
31/12/1971,102.089996,7.10E+11,0,0,0,0,0,100225,17.91021
31/01/1972,103.940002,7.18E+11,0,0,0,0,0,100634,17.91021
29/02/1972,106.57,7.26E+11,0,0,0,0,0,101440,17.99737
31/03/1972,107.199997,7.34E+11,0,0,0,0,0,101907,18.04095
30/04/1972,107.669998,7.38E+11,0,0,0,0,0,102259,18.08452
31/05/1972,109.529999,7.43E+11,0,0,0,0,0,103114,18.1281
30/06/1972,107.139999,7.50E+11,0,0,0,0,0,104265,18.17168
31/07/1972,107.389999,7.60E+11,0,0,0,0,0,105072,18.25883
31/08/1972,111.089996,7.69E+11,0,0,0,0,0,106166,18.30241
30/09/1972,110.550003,7.78E+11,0,0,0,0,0,108538,18.34599
31/10/1972,111.580002,7.87E+11,0,0,0,0,0,109715,18.43314
30/11/1972,116.669998,7.94E+11,0,0,0,0,0,110911,18.47672
31/12/1972,118.050003,8.02E+11,0,0,0,0,0,113034,18.52029
31/01/1973,116.029999,8.10E+11,0,0,0,0,0,115456,18.56387
28/02/1973,111.68,8.14E+11,0,0,0,0,0,118466,18.6946
31/03/1973,111.519997,8.15E+11,0,0,0,0,0,122530,18.86891
30/04/1973,106.970001,8.20E+11,0,0,0,0,0,125841,18.99964
31/05/1973,104.949997,8.27E+11,0,0,0,0,0,129042,19.13037
30/06/1973,104.260002,8.33E+11,0,0,0,0,0,131986,19.26111
31/07/1973,108.220001,8.37E+11,0,0,0,0,0,134075,19.30468
31/08/1973,104.25,8.39E+11,0,0,0,0,0,137080,19.6533
30/09/1973,108.43,8.39E+11,0,0,1,0,0,139756,19.69688
31/10/1973,108.290001,8.43E+11,0,0,1,0,0,142994,19.87119
30/11/1973,95.959999,8.49E+11,0,0,1,0,0,146589,20.00192
31/12/1973,97.550003,8.56E+11,0,0,1,1,0,149204,20.13265
31/01/1974,96.57,8.60E+11,0,0,1,1,0,153409,20.30696
28/02/1974,96.220001,8.64E+11,0,0,1,1,0,157463,20.56842
31/03/1974,93.980003,8.70E+11,0,0,1,1,0,160696,20.82988
30/04/1974,90.309998,8.73E+11,0,0,1,1,0,164033,20.91704
31/05/1974,87.279999,8.75E+11,0,0,1,1,0,168665,21.1785
30/06/1974,86,8.78E+11,0,0,1,1,0,172350,21.35281
31/07/1974,79.309998,8.81E+11,1,0,1,1,0,177003,21.52712
31/08/1974,72.150002,8.84E+11,1,0,1,1,0,182882,21.78858
30/09/1974,63.540001,8.88E+11,1,0,1,1,0,185515,22.05004
31/10/1974,73.900002,8.93E+11,1,0,1,1,1,184728,22.26793
30/11/1974,69.970001,8.99E+11,1,0,1,1,1,183842,22.44224
31/12/1974,68.559998,9.02E+11,1,0,1,1,1,181519,22.61655
31/01/1975,76.980003,9.06E+11,1,0,1,1,1,179228,22.7037
28/02/1975,81.589996,9.14E+11,0,0,1,1,1,176788,22.87801
31/03/1975,83.360001,9.25E+11,0,0,1,0,1,173650,22.96516
30/04/1975,87.300003,9.35E+11,0,0,1,0,1,171081,23.05232
31/05/1975,91.150002,9.48E+11,0,0,1,0,1,168731,23.18305
30/06/1975,95.190002,9.63E+11,0,0,1,0,1,166126,23.35736
31/07/1975,88.75,9.75E+11,0,0,1,0,1,166493,23.61882
31/08/1975,86.879997,9.83E+11,0,0,0,0,1,165890,23.6624
30/09/1975,83.870003,9.92E+11,0,0,0,0,0,164895,23.79313
31/10/1975,89.040001,9.98E+11,0,0,0,0,0,163415,23.92386
30/11/1975,91.239998,1.01E+12,0,0,0,0,0,162807,24.09817
31/12/1975,90.190002,1.02E+12,0,0,0,0,0,161664,24.18532
31/01/1976,100.860001,1.03E+12,0,0,0,0,0,160763,24.2289
29/02/1976,99.709999,1.04E+12,0,0,0,0,0,160920,24.31606
31/03/1976,102.769997,1.05E+12,0,0,0,0,0,162131,24.35963
30/04/1976,101.639999,1.06E+12,0,0,0,0,0,162896,24.44679
31/05/1976,100.18,1.07E+12,0,0,0,0,0,162755,24.6211
30/06/1976,104.279999,1.08E+12,0,0,0,0,0,163233,24.75183
31/07/1976,103.440002,1.09E+12,0,0,0,0,0,164759,24.88256
31/08/1976,102.910004,1.10E+12,0,0,0,0,0,164263,25.01329
30/09/1976,105.239998,1.11E+12,0,0,0,0,0,165010,25.10045
31/10/1976,102.900002,1.13E+12,0,0,0,0,0,166836,25.23118
30/11/1976,102.099998,1.14E+12,0,0,0,0,0,167907,25.27475
31/12/1976,107.459999,1.15E+12,0,0,0,0,0,169857,25.36191
31/01/1977,102.029999,1.17E+12,0,0,0,0,0,170666,25.49264
28/02/1977,99.82,1.18E+12,0,0,0,0,0,170817,25.7541
31/03/1977,98.419998,1.19E+12,0,0,0,0,0,171556,25.92841
30/04/1977,98.440002,1.20E+12,0,0,0,0,0,173175,26.1463
31/05/1977,96.120003,1.21E+12,0,0,0,0,0,174516,26.27703
30/06/1977,100.480003,1.22E+12,0,0,0,0,0,177194,26.45134
31/07/1977,98.849998,1.23E+12,0,0,0,0,0,178977,26.58207
31/08/1977,96.769997,1.24E+12,0,0,0,0,0,181123,26.66922
30/09/1977,96.529999,1.25E+12,0,0,0,0,0,183902,26.75638
31/10/1977,92.339996,1.25E+12,0,0,0,0,0,186942,26.84353
30/11/1977,94.830002,1.26E+12,0,0,0,0,0,189572,26.97426
31/12/1977,95.099998,1.27E+12,0,0,0,0,0,193323,27.06142
31/01/1978,89.25,1.28E+12,0,0,0,0,0,195054,27.23573
28/02/1978,87.040001,1.29E+12,0,0,0,0,0,197677,27.41003
31/03/1978,89.209999,1.29E+12,0,0,0,0,0,202604,27.62792
30/04/1978,96.830002,1.30E+12,0,0,0,0,0,206534,27.84581
31/05/1978,97.239998,1.31E+12,0,0,0,0,0,211505,28.10727
30/06/1978,95.529999,1.32E+12,0,0,0,0,0,215947,28.41231
31/07/1978,100.68,1.32E+12,0,0,0,0,0,219896,28.6302
31/08/1978,103.290001,1.33E+12,0,0,0,0,0,224677,28.76093
30/09/1978,102.540001,1.35E+12,0,0,0,0,0,230531,28.97881
31/10/1978,93.150002,1.35E+12,0,0,0,0,0,238140,29.24028
30/11/1978,94.699997,1.36E+12,0,0,0,0,0,244717,29.37101
31/12/1978,96.110001,1.37E+12,0,0,0,0,0,248281,29.50174
31/01/1979,99.93,1.37E+12,0,0,0,0,0,252824,29.7632
28/02/1979,96.279999,1.38E+12,0,0,0,0,0,259629,30.11182
31/03/1979,101.589996,1.39E+12,0,0,0,0,0,267034,30.41686
30/04/1979,101.760002,1.40E+12,0,0,0,0,0,271895,30.76548
31/05/1979,99.080002,1.41E+12,0,0,0,0,0,274278,31.15767
30/06/1979,102.910004,1.42E+12,0,0,0,0,0,278701,31.50629
31/07/1979,103.809998,1.43E+12,0,0,0,0,1,280457,31.85491
31/08/1979,109.32,1.45E+12,0,0,0,0,1,281543,32.15995
30/09/1979,109.32,1.45E+12,0,0,0,0,1,285260,32.50856
31/10/1979,101.82,1.46E+12,0,0,0,0,1,287276,32.77003
30/11/1979,106.160004,1.47E+12,0,0,0,0,1,289144,33.07507
31/12/1979,107.940002,1.47E+12,0,0,0,0,1,291321,33.42368
31/01/1980,114.160004,1.48E+12,0,0,0,0,1,295411,33.90303
29/02/1980,113.660004,1.49E+12,0,0,1,0,1,298220,34.38238
31/03/1980,102.089996,1.50E+12,0,0,1,0,1,300947,34.90531
30/04/1980,106.290001,1.50E+12,0,0,1,0,1,301168,35.2975
31/05/1980,111.239998,1.51E+12,0,0,1,0,1,297847,35.64612
30/06/1980,114.239998,1.53E+12,0,0,1,0,1,297121,36.03831
31/07/1980,121.669998,1.55E+12,0,0,1,0,1,300912,36.03831
31/08/1980,122.379997,1.56E+12,0,0,1,0,1,302753,36.29978
30/09/1980,125.459999,1.57E+12,0,0,1,0,1,306704,36.60482
31/10/1980,127.470001,1.58E+12,0,0,1,0,1,310373,36.95343
30/11/1980,140.520004,1.60E+12,0,0,1,0,1,311311,37.25847
31/12/1980,135.759995,1.60E+12,0,0,1,0,1,315202,37.60709
31/01/1981,129.550003,1.61E+12,0,0,1,0,1,316035,37.91213
28/02/1981,131.270004,1.62E+12,0,0,1,0,1,316409,38.30433
31/03/1981,136,1.64E+12,0,0,1,0,1,317362,38.56579
30/04/1981,132.809998,1.66E+12,0,0,1,0,1,319180,38.82725
31/05/1981,132.589996,1.66E+12,0,1,1,0,1,320389,39.13229
30/06/1981,131.210007,1.67E+12,0,1,1,0,0,320768,39.48091
31/07/1981,130.919998,1.68E+12,0,1,1,0,0,322150,39.91668
31/08/1981,122.790001,1.69E+12,0,1,1,0,0,321815,40.22172
30/09/1981,116.18,1.71E+12,0,1,1,0,0,322169,40.61392
31/10/1981,121.889999,1.72E+12,0,1,1,0,0,320181,40.70107
30/11/1981,126.349998,1.74E+12,0,1,1,0,0,317972,40.8318
31/12/1981,122.550003,1.76E+12,0,1,1,0,0,314707,40.96253
31/01/1982,120.400002,1.77E+12,0,1,1,0,0,315317,41.09326
28/02/1982,113.110001,1.77E+12,0,1,1,0,0,313941,41.224
31/03/1982,111.959999,1.79E+12,0,1,1,0,0,315064,41.18042
30/04/1982,116.440002,1.80E+12,0,1,1,0,0,314605,41.35473
31/05/1982,111.879997,1.82E+12,0,1,1,0,0,310364,41.74692
30/06/1982,109.610001,1.83E+12,0,1,1,0,0,306854,42.26985
31/07/1982,107.089996,1.83E+12,1,1,1,0,0,304394,42.48773
31/08/1982,119.510002,1.85E+12,1,1,1,0,0,300204,42.57489
30/09/1982,120.419998,1.86E+12,1,1,1,0,0,298695,42.66204
31/10/1982,133.720001,1.87E+12,1,1,1,0,0,298966,42.79277
30/11/1982,138.529999,1.88E+12,1,1,0,0,0,297222,42.70562
31/12/1982,140.639999,1.91E+12,1,0,0,0,0,300798,42.53131
31/01/1983,145.300003,1.96E+12,1,0,0,0,0,304565,42.61846
28/02/1983,148.059998,2.00E+12,1,0,0,0,0,303298,42.66204
31/03/1983,152.960007,2.02E+12,1,0,0,0,0,303986,42.66204
30/04/1983,164.429993,2.03E+12,1,0,0,0,0,306108,42.96708
31/05/1983,162.389999,2.04E+12,1,0,0,0,0,306699,43.22854
30/06/1983,167.639999,2.05E+12,0,0,0,0,0,310298,43.35928
31/07/1983,162.559998,2.06E+12,0,0,0,0,0,312773,43.53358
31/08/1983,164.399994,2.07E+12,0,0,0,0,0,314829,43.66432
30/09/1983,166.070007,2.08E+12,0,0,0,0,0,318457,43.8822
31/10/1983,163.550003,2.10E+12,0,0,0,0,0,325931,44.01293
30/11/1983,166.399994,2.11E+12,0,0,0,0,0,330982,44.10009
31/12/1983,164.929993,2.12E+12,0,0,0,0,0,333114,44.14367
31/01/1984,163.410004,2.14E+12,0,0,0,0,0,337714,44.40513
29/02/1984,157.059998,2.16E+12,0,0,0,0,0,342967,44.62301
31/03/1984,159.179993,2.18E+12,0,0,0,0,0,352660,44.71017
30/04/1984,160.050003,2.19E+12,0,0,0,0,0,354512,44.92805
31/05/1984,150.550003,2.20E+12,0,0,0,0,0,358299,45.05879
30/06/1984,153.179993,2.22E+12,0,0,0,0,0,357937,45.18952
31/07/1984,150.660004,2.22E+12,0,0,0,0,0,360834,45.36383
31/08/1984,166.679993,2.23E+12,0,0,0,0,0,361495,45.53813
30/09/1984,166.100006,2.24E+12,0,0,0,0,0,361461,45.75602
31/10/1984,166.089996,2.26E+12,0,0,0,0,0,359405,45.88675
30/11/1984,163.580002,2.28E+12,0,0,0,0,0,361088,45.88675
31/12/1984,167.240005,2.31E+12,0,0,0,0,0,359651,45.88675
31/01/1985,179.630005,2.33E+12,0,0,0,0,0,363843,45.97391
28/02/1985,181.179993,2.35E+12,0,0,0,0,0,364728,46.19179
31/03/1985,180.660004,2.37E+12,0,0,0,0,0,363258,46.3661
30/04/1985,179.830002,2.38E+12,0,0,0,0,0,362010,46.58399
31/05/1985,189.550003,2.39E+12,0,0,0,0,0,362113,46.75829
30/06/1985,191.850006,2.41E+12,0,0,0,0,0,366360,46.88903
31/07/1985,190.919998,2.43E+12,0,0,0,0,0,367322,46.97618
31/08/1985,188.630005,2.44E+12,0,0,0,0,0,369112,47.06334
30/09/1985,182.080002,2.46E+12,0,0,0,0,0,372085,47.19407
31/10/1985,189.820007,2.47E+12,0,0,0,0,0,372653,47.36838
30/11/1985,202.169998,2.48E+12,0,0,0,0,0,368664,47.49911
31/12/1985,211.279999,2.49E+12,0,0,0,0,0,372097,47.62984
31/01/1986,211.779999,2.50E+12,0,0,0,0,0,375346,47.76057
28/02/1986,226.919998,2.51E+12,0,0,0,0,0,377713,47.62984
31/03/1986,238.899994,2.53E+12,0,0,0,0,0,381081,47.41195
30/04/1986,235.520004,2.56E+12,0,0,0,0,0,378642,47.3248
31/05/1986,247.350006,2.58E+12,0,0,0,0,0,377246,47.45553
30/06/1986,250.839996,2.61E+12,0,0,0,0,0,375534,47.71699
31/07/1986,236.119995,2.63E+12,0,0,0,0,0,375242,47.71699
31/08/1986,252.929993,2.65E+12,0,0,0,0,0,373383,47.80415
30/09/1986,231.320007,2.67E+12,0,0,0,0,0,375731,48.02203
31/10/1986,243.979996,2.69E+12,0,0,0,0,0,374743,48.06561
30/11/1986,249.220001,2.70E+12,0,0,0,0,0,375520,48.10919
31/12/1986,242.169998,2.73E+12,0,0,0,0,0,376699,48.15276
31/01/1987,274.079987,2.74E+12,0,0,0,0,0,375216,48.4578
28/02/1987,284.200012,2.75E+12,0,0,0,0,0,374303,48.63211
31/03/1987,291.700012,2.75E+12,0,0,0,0,0,375765,48.85
30/04/1987,288.359985,2.77E+12,0,0,0,0,0,379673,49.11146
31/05/1987,290.100006,2.77E+12,0,0,0,0,0,385006,49.28577
30/06/1987,304,2.77E+12,0,0,0,0,0,390245,49.46008
31/07/1987,318.660004,2.78E+12,0,0,0,0,0,395937,49.59081
31/08/1987,329.799988,2.79E+12,0,0,0,0,0,399187,49.85227
30/09/1987,321.829987,2.80E+12,0,0,0,0,0,400322,50.11374
31/10/1987,251.789993,2.81E+12,0,0,0,0,0,403415,50.24447
30/11/1987,230.300003,2.82E+12,0,0,0,0,0,405948,50.28805
31/12/1987,247.080002,2.83E+12,0,0,0,0,0,408688,50.28805
31/01/1988,257.070007,2.85E+12,0,0,0,0,0,414048,50.41878
29/02/1988,267.820007,2.87E+12,0,0,0,0,0,419164,50.54951
31/03/1988,258.890015,2.89E+12,0,0,0,0,0,420736,50.76739
30/04/1988,261.329987,2.91E+12,0,0,0,0,0,422482,51.02886
31/05/1988,262.160004,2.93E+12,0,0,0,0,0,424568,51.20317
30/06/1988,273.5,2.94E+12,0,0,0,0,0,427858,51.42105
31/07/1988,272.019989,2.95E+12,0,0,0,0,0,430901,51.63894
31/08/1988,261.519989,2.95E+12,0,0,0,0,0,435349,51.85682
30/09/1988,271.910004,2.96E+12,0,0,0,0,0,437244,52.20544
31/10/1988,278.970001,2.97E+12,0,0,0,0,0,440823,52.37975
30/11/1988,273.700012,2.98E+12,0,0,0,0,0,442421,52.42333
31/12/1988,277.720001,2.99E+12,0,0,0,0,0,452150,52.51048
31/01/1989,297.470001,2.99E+12,0,0,0,0,0,457352,52.77194
28/02/1989,288.859985,2.99E+12,0,0,0,0,0,460580,52.98983
31/03/1989,294.869995,3.00E+12,0,0,0,0,0,465225,53.29487
30/04/1989,309.640015,3.01E+12,0,0,0,0,0,469202,53.64349
31/05/1989,320.519989,3.01E+12,0,0,0,0,0,467993,53.94853
30/06/1989,317.980011,3.03E+12,0,0,0,0,0,471250,54.07926
31/07/1989,346.079987,3.05E+12,0,0,0,0,0,475334,54.20999
31/08/1989,351.450012,3.07E+12,0,0,0,0,0,472324,54.29714
30/09/1989,349.149994,3.09E+12,0,0,0,0,0,473419,54.47145
31/10/1989,340.359985,3.11E+12,0,0,0,0,0,473156,54.73292
30/11/1989,345.98999,3.13E+12,0,0,0,0,0,478835,54.86365
31/12/1989,353.399994,3.15E+12,0,0,0,0,0,487098,54.9508
31/01/1990,329.079987,3.17E+12,0,0,0,0,0,490375,55.5173
28/02/1990,331.890015,3.18E+12,0,0,0,0,0,489890,55.77877
31/03/1990,339.940002,3.19E+12,0,0,0,0,0,496172,56.08381
30/04/1990,330.799988,3.20E+12,0,1,0,0,0,498267,56.17096
31/05/1990,361.230011,3.20E+12,0,1,0,0,0,500715,56.30169
30/06/1990,358.019989,3.21E+12,0,1,0,0,1,500412,56.60673
31/07/1990,356.149994,3.22E+12,1,1,0,0,1,503395,56.82462
31/08/1990,322.559998,3.24E+12,1,1,0,0,1,502174,57.34755
30/09/1990,306.049988,3.25E+12,1,1,0,0,1,505126,57.82689
31/10/1990,304,3.26E+12,1,1,0,0,1,508647,58.17551
30/11/1990,322.220001,3.26E+12,1,1,0,0,1,505323,58.30624
31/12/1990,330.220001,3.27E+12,1,1,0,0,1,509124,58.30624
31/01/1991,343.929993,3.29E+12,1,1,0,0,1,509021,58.65486
28/02/1991,367.070007,3.30E+12,1,1,1,0,1,510287,58.74201
31/03/1991,375.220001,3.32E+12,1,1,1,0,1,509038,58.82917
30/04/1991,375.339996,3.33E+12,1,1,1,0,1,505203,58.91632
31/05/1991,389.829987,3.34E+12,1,1,1,0,1,502968,59.09063
30/06/1991,371.160004,3.35E+12,1,1,1,0,1,498204,59.26494
31/07/1991,387.809998,3.36E+12,1,1,1,0,1,505663,59.35209
31/08/1991,395.429993,3.36E+12,1,1,1,0,1,506340,59.5264
30/09/1991,387.859985,3.35E+12,1,1,1,0,1,502871,59.78787
31/10/1991,392.450012,3.36E+12,1,1,1,0,1,499204,59.87502
30/11/1991,375.220001,3.37E+12,1,1,1,0,1,498099,60.04933
31/12/1991,417.089996,3.37E+12,1,1,1,0,1,495802,60.09291
31/01/1992,408.779999,3.38E+12,0,1,1,0,1,471297,60.18006
29/02/1992,412.700012,3.40E+12,0,1,1,0,1,468468,60.39795
31/03/1992,403.690002,3.40E+12,0,1,1,0,1,466222,60.70299
30/04/1992,414.950012,3.40E+12,0,0,1,0,0,467127,60.79014
31/05/1992,415.350006,3.40E+12,0,0,1,1,0,468021,60.8773
30/06/1992,408.140015,3.39E+12,0,0,1,1,0,465647,61.09518
31/07/1992,424.209991,3.39E+12,0,0,1,1,0,461351,61.22591
31/08/1992,414.029999,3.40E+12,0,0,1,1,0,456633,61.40022
30/09/1992,417.799988,3.41E+12,0,0,1,1,0,453470,61.57453
31/10/1992,418.679993,3.42E+12,0,0,1,1,0,455872,61.79242
30/11/1992,431.350006,3.43E+12,0,0,1,1,0,451965,61.87957
31/12/1992,435.709991,3.42E+12,0,0,1,1,0,450897,61.83599
31/01/1993,438.779999,3.42E+12,0,0,1,1,0,445479,62.14103
28/02/1993,443.380005,3.41E+12,0,0,1,1,0,445929,62.35892
31/03/1993,451.670013,3.41E+12,0,0,1,1,0,443831,62.5768
30/04/1993,440.190002,3.41E+12,0,0,1,1,0,442604,62.75111
31/05/1993,450.190002,3.44E+12,0,0,1,1,0,438750,62.83827
30/06/1993,450.529999,3.44E+12,0,0,1,1,0,438096,62.92542
31/07/1993,448.130005,3.44E+12,0,0,1,1,0,437944,62.92542
31/08/1993,463.559998,3.45E+12,0,0,1,1,0,438224,63.09973
30/09/1993,458.929993,3.45E+12,0,0,1,1,0,434328,63.23046
31/10/1993,467.829987,3.46E+12,0,0,1,1,0,432381,63.49193
30/11/1993,461.790009,3.47E+12,0,0,1,1,0,428393,63.5355
31/12/1993,466.450012,3.47E+12,0,0,1,1,0,425607,63.5355
31/01/1994,481.609985,3.47E+12,0,0,1,1,0,426329,63.70981
28/02/1994,467.140015,3.48E+12,0,0,1,1,0,425325,63.9277
31/03/1994,445.769989,3.48E+12,0,0,1,0,0,424271,64.14558
30/04/1994,450.910004,3.48E+12,0,0,1,0,0,424611,64.23274
31/05/1994,456.5,3.49E+12,0,0,0,0,0,425269,64.27631
30/06/1994,444.269989,3.48E+12,0,0,0,0,0,427978,64.4942
31/07/1994,458.26001,3.49E+12,0,0,0,0,0,428538,64.66851
31/08/1994,475.48999,3.49E+12,0,0,0,0,0,428792,64.92997
30/09/1994,462.709991,3.49E+12,0,0,0,0,0,430311,65.10428
31/10/1994,472.350006,3.48E+12,0,0,0,0,0,433310,65.14786
30/11/1994,453.690002,3.49E+12,0,0,0,0,0,434540,65.23501
31/12/1994,459.269989,3.49E+12,0,0,0,0,0,434899,65.23501
31/01/1995,470.420013,3.49E+12,0,0,0,0,0,432805,65.49647
28/02/1995,487.390015,3.49E+12,0,0,0,0,0,434001,65.75794
31/03/1995,500.709991,3.49E+12,0,0,0,0,0,436109,65.97582
30/04/1995,514.710022,3.50E+12,0,0,0,0,0,434900,66.19371
31/05/1995,533.400024,3.52E+12,0,0,0,0,0,437528,66.32444
30/06/1995,544.75,3.55E+12,0,0,0,0,0,436469,66.45517
31/07/1995,562.059998,3.57E+12,0,0,0,0,0,435490,66.45517
31/08/1995,561.880005,3.59E+12,0,0,0,0,0,437616,66.62948
30/09/1995,584.409973,3.60E+12,0,0,0,0,0,441696,66.76021
31/10/1995,581.5,3.61E+12,0,0,0,0,0,442507,66.9781
30/11/1995,605.369995,3.62E+12,0,0,0,0,0,444404,66.93452
31/12/1995,615.929993,3.63E+12,0,0,0,0,0,447510,66.89094
31/01/1996,636.02002,3.65E+12,0,0,0,0,0,452372,67.28314
29/02/1996,640.429993,3.66E+12,0,0,0,0,0,453836,67.50102
31/03/1996,645.5,3.69E+12,0,0,0,0,0,464172,67.84964
30/04/1996,654.169983,3.70E+12,0,0,0,0,0,465089,68.1111
31/05/1996,669.119995,3.71E+12,0,0,0,0,0,469914,68.24184
30/06/1996,670.630005,3.72E+12,0,0,0,0,0,472134,68.28541
31/07/1996,639.950012,3.74E+12,0,0,0,0,0,476647,68.41614
31/08/1996,651.98999,3.74E+12,0,0,0,0,0,473958,68.54688
30/09/1996,687.330017,3.75E+12,0,0,0,0,0,476545,68.76476
31/10/1996,705.27002,3.77E+12,0,0,0,0,0,482916,68.98265
30/11/1996,757.02002,3.79E+12,0,0,0,0,0,490023,69.11338
31/12/1996,740.73999,3.81E+12,0,0,0,0,0,489147,69.11338
31/01/1997,786.159973,3.82E+12,0,0,0,0,0,488645,69.33126
28/02/1997,790.820007,3.84E+12,0,0,0,0,0,491116,69.54915
31/03/1997,757.119995,3.85E+12,0,0,0,0,0,490223,69.72346
30/04/1997,801.340027,3.87E+12,0,0,0,1,0,492183,69.81061
31/05/1997,848.280029,3.88E+12,0,0,0,1,0,492334,69.76704
30/06/1997,885.140015,3.90E+12,0,0,0,1,0,493879,69.85419
31/07/1997,954.309998,3.91E+12,0,0,0,1,0,495937,69.94135
31/08/1997,899.469971,3.95E+12,0,0,0,1,0,498648,70.07208
30/09/1997,947.280029,3.96E+12,0,0,0,1,0,501436,70.24639
31/10/1997,914.619995,3.98E+12,0,0,0,1,0,504599,70.42069
30/11/1997,955.400024,4.00E+12,0,0,0,1,0,517043,70.37712
31/12/1997,970.429993,4.02E+12,0,0,0,1,0,513317,70.28996
31/01/1998,980.280029,4.05E+12,0,0,0,1,0,514063,70.42069
28/02/1998,1049.339966,4.08E+12,0,0,0,1,0,513589,70.55143
31/03/1998,1101.75,4.10E+12,0,0,0,1,0,508657,70.68216
30/04/1998,1111.75,4.13E+12,0,0,0,1,0,510809,70.81289
31/05/1998,1090.819946,4.15E+12,0,0,0,1,0,511034,70.94362
30/06/1998,1133.839966,4.17E+12,0,0,0,1,0,509293,71.03077
31/07/1998,1120.670044,4.19E+12,0,0,0,1,0,507842,71.11793
31/08/1998,957.280029,4.22E+12,0,0,0,1,0,508658,71.20508
30/09/1998,1017.01001,4.26E+12,0,0,0,1,0,509084,71.29224
31/10/1998,1098.670044,4.30E+12,0,0,0,1,0,504267,71.46655
30/11/1998,1163.630005,4.34E+12,0,0,0,1,0,501947,71.46655
31/12/1998,1229.22998,4.37E+12,0,0,0,1,0,496363,71.42297
31/01/1999,1279.640015,4.39E+12,0,0,0,1,0,497889,71.59728
28/02/1999,1238.329956,4.42E+12,0,0,0,1,0,496745,71.68443
31/03/1999,1286.369995,4.42E+12,0,0,0,1,0,497553,71.90232
30/04/1999,1335.180054,4.45E+12,0,0,0,1,0,495575,72.42524
31/05/1999,1301.839966,4.47E+12,0,0,0,1,0,493470,72.42524
30/06/1999,1372.709961,4.50E+12,0,0,0,1,0,490371,72.42524
31/07/1999,1328.719971,4.52E+12,0,0,0,1,0,493650,72.64313
31/08/1999,1320.410034,4.54E+12,0,0,0,0,0,493236,72.81744
30/09/1999,1282.709961,4.56E+12,0,0,0,0,0,495229,73.16606
31/10/1999,1362.930054,4.58E+12,0,0,0,0,0,499687,73.29679
30/11/1999,1388.910034,4.60E+12,0,0,0,0,0,498501,73.34036
31/12/1999,1469.25,4.63E+12,0,0,0,0,0,505667,73.34036
31/01/2000,1394.459961,4.66E+12,0,0,0,0,0,510599,73.55825
29/02/2000,1366.420044,4.67E+12,0,0,0,0,0,509641,73.99402
31/03/2000,1498.579956,4.70E+12,0,0,0,0,0,511421,74.6041
30/04/2000,1452.430054,4.76E+12,0,0,0,0,0,511144,74.64768
31/05/2000,1420.599976,4.74E+12,0,0,0,0,0,509757,74.73483
30/06/2000,1454.599976,4.76E+12,0,0,0,0,0,537504,75.12703
31/07/2000,1430.829956,4.78E+12,0,0,0,0,0,537314,75.30134
31/08/2000,1517.680054,4.81E+12,0,0,0,0,0,539400,75.30134
30/09/2000,1436.51001,4.84E+12,0,0,0,1,0,545765,75.69353
31/10/2000,1429.400024,4.86E+12,0,0,0,1,0,544382,75.82426
30/11/2000,1314.949951,4.87E+12,0,0,0,1,0,548548,75.86784
31/12/2000,1320.280029,4.91E+12,0,0,0,1,0,549507,75.82426
31/01/2001,1366.01001,4.96E+12,0,0,0,1,0,545536,76.30361
28/02/2001,1239.939941,5.00E+12,0,0,1,1,0,540932,76.60865
31/03/2001,1160.329956,5.06E+12,0,0,1,1,0,540904,76.78296
30/04/2001,1249.459961,5.12E+12,0,0,1,1,0,537624,77.088
31/05/2001,1255.819946,5.12E+12,0,0,1,1,0,534563,77.43662
30/06/2001,1224.380005,5.16E+12,0,0,1,1,0,532521,77.56735
31/07/2001,1211.22998,5.19E+12,0,0,1,1,0,528062,77.34946
31/08/2001,1133.579956,5.23E+12,0,0,1,1,0,523516,77.34946
30/09/2001,1040.939941,5.34E+12,0,0,1,1,0,518114,77.69808
31/10/2001,1059.780029,5.32E+12,0,0,1,1,0,521240,77.43662
30/11/2001,1139.449951,5.37E+12,0,0,1,1,0,515757,77.30589
31/12/2001,1148.079956,5.42E+12,0,0,1,1,0,509910,77.00085
31/01/2002,1130.199951,5.44E+12,0,0,1,1,0,503401,77.17515
28/02/2002,1106.72998,5.47E+12,0,0,1,1,0,505885,77.48019
31/03/2002,1147.390015,5.48E+12,0,0,1,1,0,504730,77.91597
30/04/2002,1076.920044,5.48E+12,0,0,1,1,0,502106,78.35174
31/05/2002,1067.140015,5.51E+12,0,0,1,1,0,499674,78.35174
30/06/2002,989.820007,5.53E+12,0,0,1,1,0,492380,78.39531
31/07/2002,911.619995,5.58E+12,0,0,1,1,0,493321,78.48247
31/08/2002,916.070007,5.62E+12,0,0,1,1,0,495426,78.74393
30/09/2002,815.280029,5.64E+12,0,0,1,1,0,489727,78.87466
31/10/2002,885.76001,5.69E+12,0,0,1,1,0,485819,79.00539
30/11/2002,936.309998,5.74E+12,0,0,1,1,0,482514,79.00539
31/12/2002,879.820007,5.76E+12,0,0,1,1,0,479610,78.83109
31/01/2003,855.700012,5.79E+12,0,0,1,1,0,479051,79.1797
28/02/2003,841.150024,5.83E+12,0,0,1,1,0,481577,79.78978
31/03/2003,848.179993,5.85E+12,0,0,1,1,0,481487,80.26913
30/04/2003,916.919983,5.89E+12,0,0,1,1,0,482630,80.09482
31/05/2003,963.590027,5.95E+12,0,0,1,0,0,483646,79.96409
30/06/2003,974.5,5.98E+12,0,0,1,0,0,485622,80.05125
31/07/2003,990.309998,6.03E+12,0,0,1,0,0,484344,80.1384
31/08/2003,1008.01001,6.09E+12,0,0,1,0,0,486954,80.44344
30/09/2003,995.969971,6.06E+12,0,0,0,0,0,489082,80.7049
31/10/2003,1050.709961,6.05E+12,0,0,0,0,0,496707,80.61775
30/11/2003,1058.199951,6.06E+12,0,0,0,0,0,500875,80.39986
31/12/2003,1111.920044,6.05E+12,0,0,0,0,0,506423,80.31271
31/01/2004,1131.130005,6.06E+12,0,0,0,0,0,510186,80.7049
29/02/2004,1144.939941,6.10E+12,0,0,0,0,0,514772,81.14068
31/03/2004,1126.209961,6.14E+12,0,0,0,0,0,522529,81.6636
30/04/2004,1107.300049,6.18E+12,0,0,0,0,0,527165,81.92506
31/05/2004,1120.680054,6.26E+12,0,0,0,0,0,531048,82.40441
30/06/2004,1140.839966,6.26E+12,0,0,0,0,0,535482,82.66588
31/07/2004,1101.719971,6.27E+12,0,0,0,0,0,543311,82.53514
31/08/2004,1104.23999,6.30E+12,0,0,0,0,0,543542,82.57872
30/09/2004,1114.579956,6.33E+12,0,0,0,0,0,548017,82.75303
31/10/2004,1130.199951,6.36E+12,0,0,0,0,0,547928,83.1888
30/11/2004,1173.819946,6.39E+12,0,0,0,0,0,554750,83.23238
31/12/2004,1211.920044,6.41E+12,0,0,0,0,0,558457,82.92734
31/01/2005,1181.27002,6.41E+12,0,0,0,0,0,559852,83.10165
28/02/2005,1203.599976,6.42E+12,0,0,0,0,0,564784,83.581
31/03/2005,1180.589966,6.43E+12,0,0,0,0,0,562236,84.23465
30/04/2005,1156.849976,6.44E+12,0,0,0,0,0,561491,84.80116
31/05/2005,1191.5,6.46E+12,0,0,0,0,0,574720,84.714
30/06/2005,1191.329956,6.49E+12,0,0,0,0,0,590937,84.75758
31/07/2005,1234.180054,6.52E+12,0,0,0,0,0,594807,85.14977
31/08/2005,1220.329956,6.56E+12,0,0,0,0,0,604717,85.58555
30/09/2005,1228.810059,6.59E+12,0,0,0,0,0,610942,86.6314
31/10/2005,1207.01001,6.62E+12,0,0,0,0,0,619436,86.80571
30/11/2005,1249.47998,6.64E+12,0,0,0,0,0,638462,86.10847
31/12/2005,1248.290039,6.67E+12,0,0,0,0,0,653074,85.75985
31/01/2006,1280.079956,6.71E+12,0,0,0,0,0,657114,86.41351
28/02/2006,1280.660034,6.73E+12,0,0,0,0,0,670468,86.58782
31/03/2006,1294.869995,6.75E+12,0,0,0,0,0,689656,87.06717
30/04/2006,1310.609985,6.79E+12,0,0,0,0,0,700280,87.80798
31/05/2006,1270.089966,6.79E+12,0,0,0,0,0,707154,88.24375
30/06/2006,1270.199951,6.83E+12,0,0,0,0,0,718927,88.41806
31/07/2006,1276.660034,6.87E+12,0,0,0,0,0,726406,88.67952
31/08/2006,1303.819946,6.90E+12,0,0,0,0,0,727801,88.85383
30/09/2006,1335.849976,6.93E+12,0,0,0,0,0,756106,88.41806
31/10/2006,1377.939941,6.98E+12,0,0,0,0,0,766321,87.93871
30/11/2006,1400.630005,7.01E+12,0,0,0,0,0,782311,87.80798
31/12/2006,1418.300049,7.06E+12,0,0,0,0,0,795263,87.93871
31/01/2007,1438.23999,7.10E+12,0,0,0,0,0,807327,88.20715
28/02/2007,1406.819946,7.11E+12,0,0,0,0,0,817342,88.67909
31/03/2007,1420.859985,7.15E+12,0,0,0,0,0,831166,89.48657
30/04/2007,1482.369995,7.22E+12,0,0,0,0,0,845904,90.06789
31/05/2007,1530.619995,7.23E+12,0,0,0,0,0,853831,90.61827
30/06/2007,1503.349976,7.26E+12,0,0,0,0,0,863287,90.79389
31/07/2007,1455.27002,7.29E+12,0,0,0,0,0,878161,90.77079
31/08/2007,1473.98999,7.37E+12,0,0,0,0,0,891481,90.60433
30/09/2007,1526.75,7.39E+12,0,0,0,0,0,899964,90.85403
31/10/2007,1549.380005,7.40E+12,0,0,0,0,0,910343,91.04838
30/11/2007,1481.140015,7.43E+12,0,0,0,0,0,920744,91.58917
31/12/2007,1468.359985,7.46E+12,0,0,0,0,0,944435,91.52773
31/01/2008,1378.550049,7.49E+12,0,0,0,0,0,960546,91.98267
29/02/2008,1330.630005,7.58E+12,0,1,0,0,0,973939,92.2498
31/03/2008,1322.699951,7.64E+12,0,1,0,1,0,990093,93.04944
30/04/2008,1385.589966,7.69E+12,0,1,0,1,0,997485,93.61377
31/05/2008,1400.380005,7.70E+12,0,1,1,1,0,1007652,94.40208
30/06/2008,1280,7.71E+12,0,1,1,1,1,1015114,95.35337
31/07/2008,1267.380005,7.76E+12,0,1,1,1,1,1017325,95.85407
31/08/2008,1282.829956,7.78E+12,0,1,1,1,1,1020556,95.47146
30/09/2008,1166.359985,7.85E+12,0,1,1,1,1,1022298,95.33942
31/10/2008,968.75,7.95E+12,0,1,1,1,1,1014009,94.37637
30/11/2008,896.23999,8.00E+12,0,1,1,1,1,1004902,92.56879
31/12/2008,903.25,8.18E+12,0,1,1,1,1,993460,91.6114
31/01/2009,825.880005,8.26E+12,0,1,1,1,1,975577,92.01013
28/02/2009,735.090027,8.29E+12,0,1,0,1,1,950793,92.46769
31/03/2009,797.869995,8.36E+12,0,1,0,1,1,927825,92.69255
30/04/2009,872.809998,8.36E+12,0,1,0,0,1,910126,92.92394
31/05/2009,919.140015,8.42E+12,0,1,0,0,1,901190,93.19238
30/06/2009,919.320007,8.43E+12,0,1,0,0,1,886988,93.99289
31/07/2009,987.47998,8.43E+12,0,1,0,0,1,879286,93.84385
31/08/2009,1020.619995,8.43E+12,0,0,0,0,1,872162,94.05433
30/09/2009,1057.079956,8.43E+12,0,0,0,0,1,860544,94.11316
31/10/2009,1036.189941,8.46E+12,0,0,0,0,1,853526,94.2038
30/11/2009,1095.630005,8.49E+12,0,0,0,0,1,841994,94.27047
31/12/2009,1115.099976,8.48E+12,0,0,0,0,1,825225,94.10445
31/01/2010,1073.869995,8.45E+12,0,0,0,0,1,829405,94.42605
28/02/2010,1104.48999,8.50E+12,0,0,0,0,0,831746,94.44958
31/03/2010,1169.430054,8.49E+12,0,0,0,0,0,832910,94.83741
30/04/2010,1186.689941,8.52E+12,0,0,0,0,0,836244,95.00214
31/05/2010,1089.410034,8.58E+12,0,0,0,0,0,839486,95.07578
30/06/2010,1030.709961,8.60E+12,0,0,0,0,0,841643,94.98296
31/07/2010,1101.599976,8.61E+12,0,0,0,0,0,843631,95.00301
31/08/2010,1049.329956,8.66E+12,0,0,0,0,0,846862,95.13417
30/09/2010,1141.199951,8.69E+12,0,0,0,1,0,857510,95.18952
31/10/2010,1183.26001,8.74E+12,0,0,0,1,0,862237,95.30805
30/11/2010,1180.550049,8.76E+12,0,0,0,1,0,869267,95.34814
31/12/2010,1257.640015,8.79E+12,0,0,0,1,0,870463,95.51199
31/01/2011,1286.119995,8.83E+12,0,0,0,1,0,879671,95.96693
28/02/2011,1327.219971,8.87E+12,0,0,0,1,0,881473,96.44018
31/03/2011,1325.829956,8.92E+12,0,0,0,1,0,890499,97.38058
30/04/2011,1363.609985,8.98E+12,0,0,0,1,0,895105,98.00765
31/05/2011,1345.199951,9.03E+12,0,0,0,0,0,903354,98.4687
30/06/2011,1320.640015,9.11E+12,0,0,0,0,0,904877,98.36324
31/07/2011,1292.280029,9.30E+12,0,0,0,0,0,910932,98.4504
31/08/2011,1218.890015,9.52E+12,0,0,0,0,0,921052,98.72188
30/09/2011,1131.420044,9.54E+12,0,0,0,0,0,925600,98.87179
31/10/2011,1253.300049,9.57E+12,0,0,0,0,0,928033,98.66785
30/11/2011,1246.959961,9.61E+12,0,0,0,0,0,938781,98.58461
31/12/2011,1257.599976,9.65E+12,0,0,0,0,0,953635,98.34145
31/01/2012,1312.410034,9.73E+12,0,0,0,0,0,964844,98.77417
29/02/2012,1365.680054,9.77E+12,0,0,0,1,0,978397,99.20907
31/03/2012,1408.469971,9.82E+12,0,0,0,1,0,983438,99.96252
30/04/2012,1397.910034,9.87E+12,0,0,0,1,0,987250,100.26451
31/05/2012,1310.329956,9.90E+12,0,0,0,1,0,987756,100.14686
30/06/2012,1362.160034,9.97E+12,0,0,0,1,0,990665,100
31/07/2012,1379.319946,1.00E+13,0,0,0,1,0,1003167,99.83702
31/08/2012,1406.579956,1.01E+13,0,0,0,1,0,992400,100.39263
30/09/2012,1440.670044,1.02E+13,0,0,0,1,0,995205,100.8406
31/10/2012,1412.160034,1.03E+13,0,0,0,1,0,1001567,100.80138
30/11/2012,1416.180054,1.03E+13,0,0,0,1,0,1001830,100.32378
31/12/2012,1426.189941,1.04E+13,0,0,0,1,0,1014225,100.0536
31/01/2013,1498.109985,1.05E+13,0,0,0,1,0,1015335,100.34949
28/02/2013,1514.680054,1.05E+13,0,0,0,0,0,1024713,101.17135
31/03/2013,1569.189941,1.05E+13,0,0,0,0,0,1015562,101.43587
30/04/2013,1597.569946,1.06E+13,0,0,0,0,0,1017992,101.33041
31/05/2013,1630.73999,1.06E+13,0,0,0,0,0,1025916,101.51082
30/06/2013,1606.280029,1.07E+13,0,0,0,0,0,1046529,101.75442
31/07/2013,1685.72998,1.07E+13,0,0,0,0,0,1046992,101.79451
31/08/2013,1632.969971,1.08E+13,0,0,0,0,0,1046677,101.91696
30/09/2013,1681.550049,1.08E+13,0,0,0,0,0,1056294,102.03549
31/10/2013,1756.540039,1.09E+13,0,0,0,0,0,1058913,101.77272
30/11/2013,1805.810059,1.10E+13,0,0,0,0,0,1066519,101.56486
31/12/2013,1848.359985,1.10E+13,0,0,0,0,0,1075752,101.55614
31/01/2014,1782.589966,1.11E+13,0,0,0,0,0,1076998,101.93395
28/02/2014,1859.449951,1.11E+13,0,0,0,0,0,1081998,102.3109
31/03/2014,1872.339966,1.12E+13,0,0,0,0,0,1086743,102.96978
30/04/2014,1883.949951,1.12E+13,0,0,0,1,0,1097126,103.30925
31/05/2014,1923.569946,1.13E+13,0,0,0,1,0,1099438,103.67007
30/06/2014,1960.22998,1.14E+13,0,0,0,1,0,1108069,103.86312
31/07/2014,1930.670044,1.14E+13,0,0,0,1,0,1165758,103.82259
31/08/2014,2003.369995,1.15E+13,0,0,0,1,0,1169708,103.64915
30/09/2014,1972.290039,1.15E+13,0,0,0,0,0,1171856,103.72715
31/10/2014,2018.050049,1.16E+13,0,0,0,0,0,1170546,103.46656
30/11/2014,2067.560059,1.16E+13,0,0,0,0,0,1168321,102.9079
31/12/2014,2058.899902,1.17E+13,0,0,0,0,0,1160052,102.32441
31/01/2015,1994.98999,1.17E+13,0,0,0,0,0,1159657,101.84288
28/02/2015,2104.5,1.19E+13,0,0,0,0,0,1154063,102.28519
31/03/2015,2067.889893,1.19E+13,0,0,0,0,0,1151089,102.89396
30/04/2015,2085.51001,1.19E+13,0,0,0,0,0,1148735,103.10313
31/05/2015,2107.389893,1.19E+13,0,0,0,0,0,1140056,103.62867
30/06/2015,2063.110107,1.20E+13,0,0,0,0,0,1141807,103.99167
31/07/2015,2103.840088,1.20E+13,0,0,0,0,0,1141833,103.99864
31/08/2015,1972.180054,1.21E+13,0,0,0,0,0,1139211,103.85135
30/09/2015,1920.030029,1.22E+13,0,0,0,0,0,1131016,103.68968
31/10/2015,2079.360107,1.22E+13,0,0,0,0,0,1130136,103.64305
30/11/2015,2080.409912,1.23E+13,0,0,0,0,0,1128204,103.42429
31/12/2015,2043.939941,1.23E+13,0,0,0,0,0,1128338,103.07088
31/01/2016,1940.23999,1.25E+13,0,0,0,0,0,1128485,103.24127
29/02/2016,1932.22998,1.25E+13,0,0,0,0,0,1120583,103.32624
31/03/2016,2059.73999,1.26E+13,0,0,0,0,0,1114166,103.77117
30/04/2016,2065.300049,1.27E+13,0,0,0,0,0,1116985,104.26315
31/05/2016,2096.949951,1.28E+13,0,0,0,0,0,1115612,104.68498
30/06/2016,2098.860107,1.28E+13,0,0,0,0,0,1102012,105.0288
31/07/2016,2173.600098,1.29E+13,0,0,0,0,0,1096671,104.85885
31/08/2016,2170.949951,1.30E+13,0,0,0,0,0,1094531,104.95516
30/09/2016,2168.27002,1.30E+13,0,0,0,0,0,1089182,105.20747
31/10/2016,2126.149902,1.31E+13,0,0,0,0,0,1097425,105.33864
30/11/2016,2198.810059,1.32E+13,0,0,0,0,0,1093796,105.17479
31/12/2016,2238.830078,1.32E+13,0,0,0,0,0,1091433,105.20921
31/01/2017,2278.870117,1.33E+13,0,0,0,0,0,1090929,105.82234
28/02/2017,2363.639893,1.33E+13,0,0,0,0,0,1085054,106.15527
31/03/2017,2362.719971,1.34E+13,0,0,0,0,0,1085845,106.24156
30/04/2017,2384.199951,1.35E+13,0,0,0,0,0,1090037,106.55662
31/05/2017,2411.800049,1.35E+13,0,0,0,0,0,1088012,106.6477
30/06/2017,2423.409912,1.36E+13,0,0,0,0,0,1104044,106.74444
31/07/2017,2470.300049,1.36E+13,0,0,0,0,0,1101035,106.67079
31/08/2017,2471.649902,1.37E+13,0,0,0,0,0,1099713,106.99021
30/09/2017,2519.360107,1.37E+13,0,0,0,0,0,1110807,107.55672
31/10/2017,2575.26001,1.38E+13,0,0,0,0,0,1112193,107.48874
30/11/2017,2584.840088,1.38E+13,0,0,0,0,0,1114319,107.49135
31/12/2017,2673.610107,1.38E+13,0,0,0,0,0,1122263,107.42816
31/01/2018,2823.810059,1.39E+13,0,0,0,0,0,1118766,108.0134
28/02/2018,2713.830078,1.39E+13,0,0,0,0,0,1124552,108.50321
31/03/2018,2640.870117,1.40E+13,0,0,0,0,0,1132593,108.74855
30/04/2018,2648.050049,1.40E+13,0,0,0,0,0,1138225,109.18084
31/05/2018,2705.27002,1.41E+13,0,0,0,0,0,1146225,109.63491
30/06/2018,2718.370117,1.41E+13,0,0,0,0,0,1152430,109.80965
31/07/2018,2816.290039,1.42E+13,0,0,0,0,0,1152619,109.81706
31/08/2018,2901.52002,1.42E+13,0,0,0,0,0,1160444,109.87807
30/09/2018,2913.97998,1.42E+13,0,0,0,0,0,1170856,110.00575
31/10/2018,2711.73999,1.42E+13,0,0,0,0,0,1169210,110.20011
30/11/2018,2760.169922,1.42E+13,0,0,0,0,0,1165463,109.83101
31/12/2018,2506.850098,1.44E+13,0,0,0,0,0,1165974,109.48021
31/01/2019,2704.100098,1.44E+13,0,0,0,0,0,1167155,109.68895
28/02/2019,2784.48999,1.45E+13,0,0,0,0,0,1161288,110.15261
31/03/2019,2834.399902,1.45E+13,0,0,0,0,0,1165099,110.77402
30/04/2019,2945.830078,1.46E+13,0,0,0,0,0,1162862,111.36057
31/05/2019,2752.060059,1.47E+13,0,0,0,0,0,1156256,111.59763
30/06/2019,2941.76001,1.48E+13,0,0,0,0,0,1147136,111.61985
31/07/2019,2980.379883,1.49E+13,0,0,0,0,0,1146938,111.80636
31/08/2019,2926.459961,1.49E+13,0,0,0,0,0,1148225,111.8007
30/09/2019,2976.73999,1.50E+13,0,0,0,0,0,1148432,111.88829
31/10/2019,3037.560059,1.51E+13,0,0,0,0,0,1149040,112.14408
30/11/2019,3140.97998,1.52E+13,0,0,0,0,0,1143494,112.08395
31/12/2019,3230.780029,1.53E+13,0,0,0,0,0,1144546,111.98198